index,Close
0,461.4485
1,458.3201
2,464.015
3,471.07266
4,473.02722
5,462.7978
6,467.63565
7,448.41217
8,434.82867
9,429.299
